{"created_at":"2026-02-05T00:00:00Z","producer_version":"0.0.0-dev","receipts":[{"content_digest":"1ef0ae7bbe4ce6c99ab744fe8c27582178d69c660538ef6a4b201cf5a944e17a","query_digest":"8d26786e78884f230bfa85f4909203158ab8ee8d1594552d44683022f3648cde","redaction_mode":"reference","ref_id":"ref_1","retrieved_at":"2026-02-05T00:00:00Z","source_locator":"tool.search","source_type":"demo"},{"content_digest":"3460ebae1c45bfd069074b365281354cfdf41b82ffb05c7eedd6775446fcd3a4","query_digest":"4719075bc5d7eda1eaafc8cd29f8fa36c3bb9371b5f03bc1476874cba2afd892","redaction_mode":"reference","ref_id":"ref_2","retrieved_at":"2026-02-05T00:00:00Z","source_locator":"tool.fetch","source_type":"demo"},{"content_digest":"971212bd7810de3b6630bf22a40a0e85d0360ee99f74e58e6b1ed8668b157501","query_digest":"f16b050b60285df8e76b18f5f239fabab9a9d349f0462032d434fcb393e33f70","redaction_mode":"reference","ref_id":"ref_3","retrieved_at":"2026-02-05T00:00:00Z","source_locator":"tool.summarize","source_type":"demo"}],"run_id":"run_demo","schema_id":"gait.runpack.refs","schema_version":"1.0.0"}